,Latitude,Longitude,Country,Location,SUBJECT,Time,WageGap
0,35.6897,139.6922,Japan,JPN,EMPLOYEE,2000,33.86
1,35.6897,139.6922,Japan,JPN,EMPLOYEE,2001,33.86
2,35.6897,139.6922,Japan,JPN,EMPLOYEE,2002,32.53
3,35.6897,139.6922,Japan,JPN,EMPLOYEE,2003,32.0
4,35.6897,139.6922,Japan,JPN,EMPLOYEE,2004,31.09
5,35.6897,139.6922,Japan,JPN,EMPLOYEE,2005,32.83
6,35.6897,139.6922,Japan,JPN,EMPLOYEE,2006,32.98
7,35.6897,139.6922,Japan,JPN,EMPLOYEE,2007,31.74
8,35.6897,139.6922,Japan,JPN,EMPLOYEE,2008,30.69
9,35.6897,139.6922,Japan,JPN,EMPLOYEE,2009,28.28
10,35.6897,139.6922,Japan,JPN,EMPLOYEE,2010,28.68
11,35.6897,139.6922,Japan,JPN,EMPLOYEE,2011,27.4
12,35.6897,139.6922,Japan,JPN,EMPLOYEE,2012,26.52
13,35.6897,139.6922,Japan,JPN,EMPLOYEE,2013,26.59
14,35.6897,139.6922,Japan,JPN,EMPLOYEE,2014,25.87
15,35.6897,139.6922,Japan,JPN,EMPLOYEE,2015,25.73
16,35.6897,139.6922,Japan,JPN,EMPLOYEE,2016,24.6
17,35.6897,139.6922,Japan,JPN,EMPLOYEE,2017,24.52
18,35.6897,139.6922,Japan,JPN,EMPLOYEE,2018,23.54
19,35.6897,139.6922,Japan,JPN,EMPLOYEE,2019,23.48
20,37.5833,127.0,"Korea, South",KOR,EMPLOYEE,2000,41.65
21,37.5833,127.0,"Korea, South",KOR,EMPLOYEE,2001,40.42
22,37.5833,127.0,"Korea, South",KOR,EMPLOYEE,2002,41.03
23,37.5833,127.0,"Korea, South",KOR,EMPLOYEE,2003,40.08
24,37.5833,127.0,"Korea, South",KOR,EMPLOYEE,2004,39.62
25,37.5833,127.0,"Korea, South",KOR,EMPLOYEE,2005,39.62
26,37.5833,127.0,"Korea, South",KOR,EMPLOYEE,2006,39.77
27,37.5833,127.0,"Korea, South",KOR,EMPLOYEE,2007,38.16
28,37.5833,127.0,"Korea, South",KOR,EMPLOYEE,2008,39.04
29,37.5833,127.0,"Korea, South",KOR,EMPLOYEE,2009,38.61
30,37.5833,127.0,"Korea, South",KOR,EMPLOYEE,2010,39.61
31,37.5833,127.0,"Korea, South",KOR,EMPLOYEE,2011,36.56
32,37.5833,127.0,"Korea, South",KOR,EMPLOYEE,2012,36.3
33,37.5833,127.0,"Korea, South",KOR,EMPLOYEE,2013,36.6
34,37.5833,127.0,"Korea, South",KOR,EMPLOYEE,2014,36.65
35,37.5833,127.0,"Korea, South",KOR,EMPLOYEE,2015,37.18
36,37.5833,127.0,"Korea, South",KOR,EMPLOYEE,2016,36.67
37,37.5833,127.0,"Korea, South",KOR,EMPLOYEE,2017,34.62
38,37.5833,127.0,"Korea, South",KOR,EMPLOYEE,2018,34.11
39,37.5833,127.0,"Korea, South",KOR,EMPLOYEE,2019,32.48
40,19.4333,-99.1333,Mexico,MEX,EMPLOYEE,2005,16.67
41,19.4333,-99.1333,Mexico,MEX,EMPLOYEE,2006,18.6
42,19.4333,-99.1333,Mexico,MEX,EMPLOYEE,2007,12.5
43,19.4333,-99.1333,Mexico,MEX,EMPLOYEE,2008,22.22
44,19.4333,-99.1333,Mexico,MEX,EMPLOYEE,2009,16.67
45,19.4333,-99.1333,Mexico,MEX,EMPLOYEE,2010,11.63
46,19.4333,-99.1333,Mexico,MEX,EMPLOYEE,2011,10.0
47,19.4333,-99.1333,Mexico,MEX,EMPLOYEE,2012,13.56
48,19.4333,-99.1333,Mexico,MEX,EMPLOYEE,2013,15.43
49,19.4333,-99.1333,Mexico,MEX,EMPLOYEE,2014,18.3
50,19.4333,-99.1333,Mexico,MEX,EMPLOYEE,2015,16.67
51,19.4333,-99.1333,Mexico,MEX,EMPLOYEE,2016,16.49
52,19.4333,-99.1333,Mexico,MEX,EMPLOYEE,2017,11.11
53,19.4333,-99.1333,Mexico,MEX,EMPLOYEE,2018,14.0
54,19.4333,-99.1333,Mexico,MEX,EMPLOYEE,2019,18.75
55,40.6943,-73.9249,United States,USA,EMPLOYEE,2000,23.09
56,40.6943,-73.9249,United States,USA,EMPLOYEE,2001,23.58
57,40.6943,-73.9249,United States,USA,EMPLOYEE,2002,22.09
58,40.6943,-73.9249,United States,USA,EMPLOYEE,2003,20.58
59,40.6943,-73.9249,United States,USA,EMPLOYEE,2004,19.64
60,40.6943,-73.9249,United States,USA,EMPLOYEE,2005,18.98
61,40.6943,-73.9249,United States,USA,EMPLOYEE,2006,19.25
62,40.6943,-73.9249,United States,USA,EMPLOYEE,2007,19.84
63,40.6943,-73.9249,United States,USA,EMPLOYEE,2008,20.05
64,40.6943,-73.9249,United States,USA,EMPLOYEE,2009,19.78
65,40.6943,-73.9249,United States,USA,EMPLOYEE,2010,18.81
66,40.6943,-73.9249,United States,USA,EMPLOYEE,2011,17.79
67,40.6943,-73.9249,United States,USA,EMPLOYEE,2012,19.09
68,40.6943,-73.9249,United States,USA,EMPLOYEE,2013,17.91
69,40.6943,-73.9249,United States,USA,EMPLOYEE,2014,17.45
70,40.6943,-73.9249,United States,USA,EMPLOYEE,2015,18.88
71,40.6943,-73.9249,United States,USA,EMPLOYEE,2016,18.14
72,40.6943,-73.9249,United States,USA,EMPLOYEE,2017,18.17
73,40.6943,-73.9249,United States,USA,EMPLOYEE,2018,18.91
74,40.6943,-73.9249,United States,USA,EMPLOYEE,2019,18.47
75,51.5072,-0.1275,United Kingdom,GBR,EMPLOYEE,2000,26.28
76,51.5072,-0.1275,United Kingdom,GBR,EMPLOYEE,2001,25.64
77,51.5072,-0.1275,United Kingdom,GBR,EMPLOYEE,2002,24.38
78,51.5072,-0.1275,United Kingdom,GBR,EMPLOYEE,2003,24.12
79,51.5072,-0.1275,United Kingdom,GBR,EMPLOYEE,2004,23.36
80,51.5072,-0.1275,United Kingdom,GBR,EMPLOYEE,2005,22.06
81,51.5072,-0.1275,United Kingdom,GBR,EMPLOYEE,2006,21.72
82,51.5072,-0.1275,United Kingdom,GBR,EMPLOYEE,2007,21.63
83,51.5072,-0.1275,United Kingdom,GBR,EMPLOYEE,2008,21.86
84,51.5072,-0.1275,United Kingdom,GBR,EMPLOYEE,2009,20.69
85,51.5072,-0.1275,United Kingdom,GBR,EMPLOYEE,2010,19.23
86,51.5072,-0.1275,United Kingdom,GBR,EMPLOYEE,2011,18.25
87,51.5072,-0.1275,United Kingdom,GBR,EMPLOYEE,2012,17.78
88,51.5072,-0.1275,United Kingdom,GBR,EMPLOYEE,2013,17.48
89,51.5072,-0.1275,United Kingdom,GBR,EMPLOYEE,2014,17.38
90,51.5072,-0.1275,United Kingdom,GBR,EMPLOYEE,2015,17.1
91,51.5072,-0.1275,United Kingdom,GBR,EMPLOYEE,2016,16.8
92,51.5072,-0.1275,United Kingdom,GBR,EMPLOYEE,2017,16.53
93,51.5072,-0.1275,United Kingdom,GBR,EMPLOYEE,2018,16.31
94,51.5072,-0.1275,United Kingdom,GBR,EMPLOYEE,2019,16.01
95,4.6126,-74.0705,Colombia,COL,EMPLOYEE,2007,1.34
96,4.6126,-74.0705,Colombia,COL,EMPLOYEE,2008,1.74
97,4.6126,-74.0705,Colombia,COL,EMPLOYEE,2009,3.38
98,4.6126,-74.0705,Colombia,COL,EMPLOYEE,2010,6.43
99,4.6126,-74.0705,Colombia,COL,EMPLOYEE,2011,3.53
100,4.6126,-74.0705,Colombia,COL,EMPLOYEE,2012,8.2
101,4.6126,-74.0705,Colombia,COL,EMPLOYEE,2013,7.14
102,4.6126,-74.0705,Colombia,COL,EMPLOYEE,2014,9.6
103,4.6126,-74.0705,Colombia,COL,EMPLOYEE,2015,11.14
104,4.6126,-74.0705,Colombia,COL,EMPLOYEE,2016,7.09
105,4.6126,-74.0705,Colombia,COL,EMPLOYEE,2017,7.69
106,4.6126,-74.0705,Colombia,COL,EMPLOYEE,2018,5.79
107,4.6126,-74.0705,Colombia,COL,EMPLOYEE,2019,4.0
108,43.7417,-79.3733,Canada,CAN,EMPLOYEE,2000,23.88
109,43.7417,-79.3733,Canada,CAN,EMPLOYEE,2001,24.32
110,43.7417,-79.3733,Canada,CAN,EMPLOYEE,2002,24.01
111,43.7417,-79.3733,Canada,CAN,EMPLOYEE,2003,22.5
112,43.7417,-79.3733,Canada,CAN,EMPLOYEE,2004,22.72
113,43.7417,-79.3733,Canada,CAN,EMPLOYEE,2005,21.25
114,43.7417,-79.3733,Canada,CAN,EMPLOYEE,2006,21.12
115,43.7417,-79.3733,Canada,CAN,EMPLOYEE,2007,20.81
116,43.7417,-79.3733,Canada,CAN,EMPLOYEE,2008,20.45
117,43.7417,-79.3733,Canada,CAN,EMPLOYEE,2009,20.13
118,43.7417,-79.3733,Canada,CAN,EMPLOYEE,2010,18.98
119,43.7417,-79.3733,Canada,CAN,EMPLOYEE,2011,19.18
120,43.7417,-79.3733,Canada,CAN,EMPLOYEE,2012,19.51
121,43.7417,-79.3733,Canada,CAN,EMPLOYEE,2013,19.3
122,43.7417,-79.3733,Canada,CAN,EMPLOYEE,2014,19.23
123,43.7417,-79.3733,Canada,CAN,EMPLOYEE,2015,18.63
124,43.7417,-79.3733,Canada,CAN,EMPLOYEE,2016,18.22
125,43.7417,-79.3733,Canada,CAN,EMPLOYEE,2017,18.17
126,43.7417,-79.3733,Canada,CAN,EMPLOYEE,2018,18.52
127,43.7417,-79.3733,Canada,CAN,EMPLOYEE,2019,17.59
128,-33.865,151.2094,Australia,AUS,EMPLOYEE,2000,17.2
129,-33.865,151.2094,Australia,AUS,EMPLOYEE,2001,14.34
130,-33.865,151.2094,Australia,AUS,EMPLOYEE,2002,15.0
131,-33.865,151.2094,Australia,AUS,EMPLOYEE,2003,13.04
132,-33.865,151.2094,Australia,AUS,EMPLOYEE,2004,14.35
133,-33.865,151.2094,Australia,AUS,EMPLOYEE,2005,15.78
134,-33.865,151.2094,Australia,AUS,EMPLOYEE,2006,16.67
135,-33.865,151.2094,Australia,AUS,EMPLOYEE,2007,15.4
136,-33.865,151.2094,Australia,AUS,EMPLOYEE,2008,11.94
137,-33.865,151.2094,Australia,AUS,EMPLOYEE,2009,16.36
138,-33.865,151.2094,Australia,AUS,EMPLOYEE,2010,14.04
139,-33.865,151.2094,Australia,AUS,EMPLOYEE,2011,15.97
140,-33.865,151.2094,Australia,AUS,EMPLOYEE,2012,13.75
141,-33.865,151.2094,Australia,AUS,EMPLOYEE,2013,18.0
142,-33.865,151.2094,Australia,AUS,EMPLOYEE,2014,15.38
143,-33.865,151.2094,Australia,AUS,EMPLOYEE,2015,13.0
144,-33.865,151.2094,Australia,AUS,EMPLOYEE,2016,11.54
145,-33.865,151.2094,Australia,AUS,EMPLOYEE,2017,11.66
146,-33.865,151.2094,Australia,AUS,EMPLOYEE,2018,11.71
147,52.5167,13.3833,Germany,DEU,EMPLOYEE,2000,19.58
148,52.5167,13.3833,Germany,DEU,EMPLOYEE,2001,19.11
149,52.5167,13.3833,Germany,DEU,EMPLOYEE,2002,19.08
150,52.5167,13.3833,Germany,DEU,EMPLOYEE,2003,19.55
151,52.5167,13.3833,Germany,DEU,EMPLOYEE,2004,21.85
152,52.5167,13.3833,Germany,DEU,EMPLOYEE,2005,16.35
153,52.5167,13.3833,Germany,DEU,EMPLOYEE,2006,18.13
154,52.5167,13.3833,Germany,DEU,EMPLOYEE,2007,16.72
155,52.5167,13.3833,Germany,DEU,EMPLOYEE,2008,16.74
156,52.5167,13.3833,Germany,DEU,EMPLOYEE,2009,16.52
157,52.5167,13.3833,Germany,DEU,EMPLOYEE,2010,16.69
158,52.5167,13.3833,Germany,DEU,EMPLOYEE,2011,16.94
159,52.5167,13.3833,Germany,DEU,EMPLOYEE,2012,15.65
160,52.5167,13.3833,Germany,DEU,EMPLOYEE,2013,14.09
161,52.5167,13.3833,Germany,DEU,EMPLOYEE,2014,17.19
162,52.5167,13.3833,Germany,DEU,EMPLOYEE,2015,15.82
163,52.5167,13.3833,Germany,DEU,EMPLOYEE,2016,15.51
164,52.5167,13.3833,Germany,DEU,EMPLOYEE,2017,16.19
165,52.5167,13.3833,Germany,DEU,EMPLOYEE,2018,15.25
166,48.2083,16.3731,Austria,AUT,EMPLOYEE,2000,23.14
167,48.2083,16.3731,Austria,AUT,EMPLOYEE,2001,22.8
168,48.2083,16.3731,Austria,AUT,EMPLOYEE,2002,24.49
169,48.2083,16.3731,Austria,AUT,EMPLOYEE,2003,21.14
170,48.2083,16.3731,Austria,AUT,EMPLOYEE,2004,22.43
171,48.2083,16.3731,Austria,AUT,EMPLOYEE,2005,22.03
172,48.2083,16.3731,Austria,AUT,EMPLOYEE,2006,21.86
173,48.2083,16.3731,Austria,AUT,EMPLOYEE,2007,21.63
174,48.2083,16.3731,Austria,AUT,EMPLOYEE,2008,20.92
175,48.2083,16.3731,Austria,AUT,EMPLOYEE,2009,19.36
176,48.2083,16.3731,Austria,AUT,EMPLOYEE,2010,19.19
177,48.2083,16.3731,Austria,AUT,EMPLOYEE,2011,18.55
178,48.2083,16.3731,Austria,AUT,EMPLOYEE,2012,18.19
179,48.2083,16.3731,Austria,AUT,EMPLOYEE,2013,18.05
180,48.2083,16.3731,Austria,AUT,EMPLOYEE,2014,17.73
181,48.2083,16.3731,Austria,AUT,EMPLOYEE,2015,17.04
182,48.2083,16.3731,Austria,AUT,EMPLOYEE,2016,15.67
183,48.2083,16.3731,Austria,AUT,EMPLOYEE,2017,15.38
184,48.2083,16.3731,Austria,AUT,EMPLOYEE,2018,14.88
185,52.2167,21.0333,Poland,POL,EMPLOYEE,2001,14.3
186,52.2167,21.0333,Poland,POL,EMPLOYEE,2002,11.32
187,52.2167,21.0333,Poland,POL,EMPLOYEE,2004,10.64
188,52.2167,21.0333,Poland,POL,EMPLOYEE,2006,11.44
189,52.2167,21.0333,Poland,POL,EMPLOYEE,2008,12.99
190,52.2167,21.0333,Poland,POL,EMPLOYEE,2010,7.19
191,52.2167,21.0333,Poland,POL,EMPLOYEE,2012,10.62
192,52.2167,21.0333,Poland,POL,EMPLOYEE,2014,11.07
193,52.2167,21.0333,Poland,POL,EMPLOYEE,2016,9.42
194,52.2167,21.0333,Poland,POL,EMPLOYEE,2018,11.5
195,47.4983,19.0408,Hungary,HUN,EMPLOYEE,2000,14.1
196,47.4983,19.0408,Hungary,HUN,EMPLOYEE,2001,13.69
197,47.4983,19.0408,Hungary,HUN,EMPLOYEE,2002,9.13
198,47.4983,19.0408,Hungary,HUN,EMPLOYEE,2003,1.48
199,47.4983,19.0408,Hungary,HUN,EMPLOYEE,2004,3.03
200,47.4983,19.0408,Hungary,HUN,EMPLOYEE,2005,4.02
201,47.4983,19.0408,Hungary,HUN,EMPLOYEE,2006,0.38
202,47.4983,19.0408,Hungary,HUN,EMPLOYEE,2007,3.65
203,47.4983,19.0408,Hungary,HUN,EMPLOYEE,2008,2.22
204,47.4983,19.0408,Hungary,HUN,EMPLOYEE,2009,3.88
205,47.4983,19.0408,Hungary,HUN,EMPLOYEE,2010,6.38
206,47.4983,19.0408,Hungary,HUN,EMPLOYEE,2011,6.86
207,47.4983,19.0408,Hungary,HUN,EMPLOYEE,2012,11.33
208,47.4983,19.0408,Hungary,HUN,EMPLOYEE,2013,8.72
209,47.4983,19.0408,Hungary,HUN,EMPLOYEE,2014,3.77
210,47.4983,19.0408,Hungary,HUN,EMPLOYEE,2015,9.52
211,47.4983,19.0408,Hungary,HUN,EMPLOYEE,2016,9.36
212,47.4983,19.0408,Hungary,HUN,EMPLOYEE,2017,5.32
213,47.4983,19.0408,Hungary,HUN,EMPLOYEE,2018,5.06
214,-36.85,174.7833,New Zealand,NZL,EMPLOYEE,2000,7.17
215,-36.85,174.7833,New Zealand,NZL,EMPLOYEE,2001,8.06
216,-36.85,174.7833,New Zealand,NZL,EMPLOYEE,2002,7.31
217,-36.85,174.7833,New Zealand,NZL,EMPLOYEE,2003,7.69
218,-36.85,174.7833,New Zealand,NZL,EMPLOYEE,2004,8.08
219,-36.85,174.7833,New Zealand,NZL,EMPLOYEE,2005,9.61
220,-36.85,174.7833,New Zealand,NZL,EMPLOYEE,2006,9.33
221,-36.85,174.7833,New Zealand,NZL,EMPLOYEE,2007,7.14
222,-36.85,174.7833,New Zealand,NZL,EMPLOYEE,2008,8.05
223,-36.85,174.7833,New Zealand,NZL,EMPLOYEE,2009,8.76
224,-36.85,174.7833,New Zealand,NZL,EMPLOYEE,2010,7.01
225,-36.85,174.7833,New Zealand,NZL,EMPLOYEE,2011,4.53
226,-36.85,174.7833,New Zealand,NZL,EMPLOYEE,2012,5.91
227,-36.85,174.7833,New Zealand,NZL,EMPLOYEE,2013,6.59
228,-36.85,174.7833,New Zealand,NZL,EMPLOYEE,2014,6.08
229,-36.85,174.7833,New Zealand,NZL,EMPLOYEE,2015,7.92
230,-36.85,174.7833,New Zealand,NZL,EMPLOYEE,2016,7.77
231,-36.85,174.7833,New Zealand,NZL,EMPLOYEE,2017,7.15
232,-36.85,174.7833,New Zealand,NZL,EMPLOYEE,2018,7.87
233,-36.85,174.7833,New Zealand,NZL,EMPLOYEE,2019,6.51
234,50.0833,14.4167,Czechia,CZE,EMPLOYEE,2001,16.88
235,50.0833,14.4167,Czechia,CZE,EMPLOYEE,2002,15.95
236,50.0833,14.4167,Czechia,CZE,EMPLOYEE,2003,15.64
237,50.0833,14.4167,Czechia,CZE,EMPLOYEE,2004,16.15
238,50.0833,14.4167,Czechia,CZE,EMPLOYEE,2005,15.94
239,50.0833,14.4167,Czechia,CZE,EMPLOYEE,2006,15.35
240,50.0833,14.4167,Czechia,CZE,EMPLOYEE,2007,16.93
241,50.0833,14.4167,Czechia,CZE,EMPLOYEE,2008,17.87
242,50.0833,14.4167,Czechia,CZE,EMPLOYEE,2009,15.11
243,50.0833,14.4167,Czechia,CZE,EMPLOYEE,2010,15.8
244,50.0833,14.4167,Czechia,CZE,EMPLOYEE,2011,16.33
245,50.0833,14.4167,Czechia,CZE,EMPLOYEE,2012,15.26
246,50.0833,14.4167,Czechia,CZE,EMPLOYEE,2013,15.38
247,50.0833,14.4167,Czechia,CZE,EMPLOYEE,2014,16.25
248,50.0833,14.4167,Czechia,CZE,EMPLOYEE,2015,16.46
249,50.0833,14.4167,Czechia,CZE,EMPLOYEE,2016,16.02
250,50.0833,14.4167,Czechia,CZE,EMPLOYEE,2017,15.61
251,50.0833,14.4167,Czechia,CZE,EMPLOYEE,2018,15.13
252,50.0833,14.4167,Czechia,CZE,EMPLOYEE,2019,14.71
253,55.6786,12.5635,Denmark,DNK,EMPLOYEE,2002,10.8
254,55.6786,12.5635,Denmark,DNK,EMPLOYEE,2003,9.92
255,55.6786,12.5635,Denmark,DNK,EMPLOYEE,2004,10.18
256,55.6786,12.5635,Denmark,DNK,EMPLOYEE,2005,10.17
257,55.6786,12.5635,Denmark,DNK,EMPLOYEE,2006,10.17
258,55.6786,12.5635,Denmark,DNK,EMPLOYEE,2007,9.85
259,55.6786,12.5635,Denmark,DNK,EMPLOYEE,2008,10.18
260,55.6786,12.5635,Denmark,DNK,EMPLOYEE,2009,10.17
261,55.6786,12.5635,Denmark,DNK,EMPLOYEE,2010,8.9
262,55.6786,12.5635,Denmark,DNK,EMPLOYEE,2011,7.95
263,55.6786,12.5635,Denmark,DNK,EMPLOYEE,2012,7.0
264,55.6786,12.5635,Denmark,DNK,EMPLOYEE,2013,6.77
265,55.6786,12.5635,Denmark,DNK,EMPLOYEE,2014,6.32
266,55.6786,12.5635,Denmark,DNK,EMPLOYEE,2015,5.84
267,55.6786,12.5635,Denmark,DNK,EMPLOYEE,2016,5.73
268,55.6786,12.5635,Denmark,DNK,EMPLOYEE,2017,5.3
269,55.6786,12.5635,Denmark,DNK,EMPLOYEE,2018,4.86
270,59.3294,18.0686,Sweden,SWE,EMPLOYEE,2000,12.37
271,59.3294,18.0686,Sweden,SWE,EMPLOYEE,2001,12.38
272,59.3294,18.0686,Sweden,SWE,EMPLOYEE,2002,11.9
273,59.3294,18.0686,Sweden,SWE,EMPLOYEE,2003,11.52
274,59.3294,18.0686,Sweden,SWE,EMPLOYEE,2004,10.76
275,59.3294,18.0686,Sweden,SWE,EMPLOYEE,2005,11.3
276,59.3294,18.0686,Sweden,SWE,EMPLOYEE,2006,11.02
277,59.3294,18.0686,Sweden,SWE,EMPLOYEE,2007,11.84
278,59.3294,18.0686,Sweden,SWE,EMPLOYEE,2008,10.59
279,59.3294,18.0686,Sweden,SWE,EMPLOYEE,2009,9.54
280,59.3294,18.0686,Sweden,SWE,EMPLOYEE,2010,9.36
281,59.3294,18.0686,Sweden,SWE,EMPLOYEE,2011,9.16
282,59.3294,18.0686,Sweden,SWE,EMPLOYEE,2012,9.29
283,59.3294,18.0686,Sweden,SWE,EMPLOYEE,2013,9.38
284,59.3294,18.0686,Sweden,SWE,EMPLOYEE,2014,9.15
285,59.3294,18.0686,Sweden,SWE,EMPLOYEE,2015,8.33
286,59.3294,18.0686,Sweden,SWE,EMPLOYEE,2016,8.17
287,59.3294,18.0686,Sweden,SWE,EMPLOYEE,2017,7.35
288,59.3294,18.0686,Sweden,SWE,EMPLOYEE,2018,7.14
289,59.3294,18.0686,Sweden,SWE,EMPLOYEE,2019,7.58
290,31.7833,35.2167,Israel,ISR,EMPLOYEE,2001,27.97
291,31.7833,35.2167,Israel,ISR,EMPLOYEE,2002,24.21
292,31.7833,35.2167,Israel,ISR,EMPLOYEE,2003,25.33
293,31.7833,35.2167,Israel,ISR,EMPLOYEE,2004,25.01
294,31.7833,35.2167,Israel,ISR,EMPLOYEE,2005,21.92
295,31.7833,35.2167,Israel,ISR,EMPLOYEE,2006,21.96
296,31.7833,35.2167,Israel,ISR,EMPLOYEE,2007,20.41
297,31.7833,35.2167,Israel,ISR,EMPLOYEE,2008,22.06
298,31.7833,35.2167,Israel,ISR,EMPLOYEE,2009,21.14
299,31.7833,35.2167,Israel,ISR,EMPLOYEE,2010,20.39
300,31.7833,35.2167,Israel,ISR,EMPLOYEE,2011,19.66
301,31.7833,35.2167,Israel,ISR,EMPLOYEE,2012,20.0
302,31.7833,35.2167,Israel,ISR,EMPLOYEE,2013,20.35
303,31.7833,35.2167,Israel,ISR,EMPLOYEE,2014,20.11
304,31.7833,35.2167,Israel,ISR,EMPLOYEE,2015,20.44
305,31.7833,35.2167,Israel,ISR,EMPLOYEE,2016,21.59
306,31.7833,35.2167,Israel,ISR,EMPLOYEE,2017,21.79
307,31.7833,35.2167,Israel,ISR,EMPLOYEE,2018,22.66
308,59.9111,10.7528,Norway,NOR,EMPLOYEE,2000,11.15
309,59.9111,10.7528,Norway,NOR,EMPLOYEE,2001,11.7
310,59.9111,10.7528,Norway,NOR,EMPLOYEE,2002,11.64
311,59.9111,10.7528,Norway,NOR,EMPLOYEE,2003,11.18
312,59.9111,10.7528,Norway,NOR,EMPLOYEE,2004,10.68
313,59.9111,10.7528,Norway,NOR,EMPLOYEE,2005,10.36
314,59.9111,10.7528,Norway,NOR,EMPLOYEE,2006,10.14
315,59.9111,10.7528,Norway,NOR,EMPLOYEE,2007,10.8
316,59.9111,10.7528,Norway,NOR,EMPLOYEE,2008,9.57
317,59.9111,10.7528,Norway,NOR,EMPLOYEE,2009,9.0
318,59.9111,10.7528,Norway,NOR,EMPLOYEE,2010,8.39
319,59.9111,10.7528,Norway,NOR,EMPLOYEE,2011,8.12
320,59.9111,10.7528,Norway,NOR,EMPLOYEE,2012,6.75
321,59.9111,10.7528,Norway,NOR,EMPLOYEE,2013,7.35
322,59.9111,10.7528,Norway,NOR,EMPLOYEE,2014,6.62
323,59.9111,10.7528,Norway,NOR,EMPLOYEE,2015,7.46
324,59.9111,10.7528,Norway,NOR,EMPLOYEE,2016,6.76
325,59.9111,10.7528,Norway,NOR,EMPLOYEE,2017,6.39
326,59.9111,10.7528,Norway,NOR,EMPLOYEE,2018,5.85
327,59.9111,10.7528,Norway,NOR,EMPLOYEE,2019,4.99
328,60.1756,24.9342,Finland,FIN,EMPLOYEE,2000,20.43
329,60.1756,24.9342,Finland,FIN,EMPLOYEE,2001,21.24
330,60.1756,24.9342,Finland,FIN,EMPLOYEE,2002,20.37
331,60.1756,24.9342,Finland,FIN,EMPLOYEE,2003,20.1
332,60.1756,24.9342,Finland,FIN,EMPLOYEE,2004,20.02
333,60.1756,24.9342,Finland,FIN,EMPLOYEE,2005,18.94
334,60.1756,24.9342,Finland,FIN,EMPLOYEE,2006,19.37
335,60.1756,24.9342,Finland,FIN,EMPLOYEE,2007,21.38
336,60.1756,24.9342,Finland,FIN,EMPLOYEE,2008,21.23
337,60.1756,24.9342,Finland,FIN,EMPLOYEE,2009,19.68
338,60.1756,24.9342,Finland,FIN,EMPLOYEE,2010,18.88
339,60.1756,24.9342,Finland,FIN,EMPLOYEE,2011,18.61
340,60.1756,24.9342,Finland,FIN,EMPLOYEE,2012,18.73
341,60.1756,24.9342,Finland,FIN,EMPLOYEE,2013,20.18
342,60.1756,24.9342,Finland,FIN,EMPLOYEE,2014,19.61
343,60.1756,24.9342,Finland,FIN,EMPLOYEE,2015,18.06
344,60.1756,24.9342,Finland,FIN,EMPLOYEE,2016,16.47
345,60.1756,24.9342,Finland,FIN,EMPLOYEE,2017,17.72
346,60.1756,24.9342,Finland,FIN,EMPLOYEE,2018,18.86
347,48.1447,17.1128,Slovakia,SVK,EMPLOYEE,2002,20.36
348,48.1447,17.1128,Slovakia,SVK,EMPLOYEE,2003,20.69
349,48.1447,17.1128,Slovakia,SVK,EMPLOYEE,2004,20.88
350,48.1447,17.1128,Slovakia,SVK,EMPLOYEE,2005,20.1
351,48.1447,17.1128,Slovakia,SVK,EMPLOYEE,2006,17.8
352,48.1447,17.1128,Slovakia,SVK,EMPLOYEE,2007,17.52
353,48.1447,17.1128,Slovakia,SVK,EMPLOYEE,2008,16.44
354,48.1447,17.1128,Slovakia,SVK,EMPLOYEE,2009,16.43
355,48.1447,17.1128,Slovakia,SVK,EMPLOYEE,2010,14.85
356,48.1447,17.1128,Slovakia,SVK,EMPLOYEE,2011,15.45
357,48.1447,17.1128,Slovakia,SVK,EMPLOYEE,2012,15.97
358,48.1447,17.1128,Slovakia,SVK,EMPLOYEE,2013,14.11
359,48.1447,17.1128,Slovakia,SVK,EMPLOYEE,2014,14.35
360,48.1447,17.1128,Slovakia,SVK,EMPLOYEE,2015,13.38
361,48.1447,17.1128,Slovakia,SVK,EMPLOYEE,2016,13.9
362,48.1447,17.1128,Slovakia,SVK,EMPLOYEE,2017,15.04
363,48.1447,17.1128,Slovakia,SVK,EMPLOYEE,2018,15.66
364,48.1447,17.1128,Slovakia,SVK,EMPLOYEE,2019,13.87
365,50.8467,4.3517,Belgium,BEL,EMPLOYEE,2000,13.6
366,50.8467,4.3517,Belgium,BEL,EMPLOYEE,2001,13.19
367,50.8467,4.3517,Belgium,BEL,EMPLOYEE,2002,11.6
368,50.8467,4.3517,Belgium,BEL,EMPLOYEE,2003,15.21
369,50.8467,4.3517,Belgium,BEL,EMPLOYEE,2004,11.83
370,50.8467,4.3517,Belgium,BEL,EMPLOYEE,2005,11.51
371,50.8467,4.3517,Belgium,BEL,EMPLOYEE,2006,10.25
372,50.8467,4.3517,Belgium,BEL,EMPLOYEE,2007,9.87
373,50.8467,4.3517,Belgium,BEL,EMPLOYEE,2008,8.92
374,50.8467,4.3517,Belgium,BEL,EMPLOYEE,2009,7.48
375,50.8467,4.3517,Belgium,BEL,EMPLOYEE,2010,7.04
376,50.8467,4.3517,Belgium,BEL,EMPLOYEE,2011,5.84
377,50.8467,4.3517,Belgium,BEL,EMPLOYEE,2012,6.41
378,50.8467,4.3517,Belgium,BEL,EMPLOYEE,2013,5.91
379,50.8467,4.3517,Belgium,BEL,EMPLOYEE,2014,3.3
380,50.8467,4.3517,Belgium,BEL,EMPLOYEE,2015,4.67
381,50.8467,4.3517,Belgium,BEL,EMPLOYEE,2016,3.7
382,50.8467,4.3517,Belgium,BEL,EMPLOYEE,2017,4.19
383,46.948,7.4474,Switzerland,CHE,EMPLOYEE,2000,23.79
384,46.948,7.4474,Switzerland,CHE,EMPLOYEE,2002,22.8
385,46.948,7.4474,Switzerland,CHE,EMPLOYEE,2004,22.01
386,46.948,7.4474,Switzerland,CHE,EMPLOYEE,2006,21.32
387,46.948,7.4474,Switzerland,CHE,EMPLOYEE,2008,21.31
388,46.948,7.4474,Switzerland,CHE,EMPLOYEE,2010,20.05
389,46.948,7.4474,Switzerland,CHE,EMPLOYEE,2012,19.34
390,46.948,7.4474,Switzerland,CHE,EMPLOYEE,2014,16.94
391,46.948,7.4474,Switzerland,CHE,EMPLOYEE,2016,14.76
392,46.948,7.4474,Switzerland,CHE,EMPLOYEE,2018,15.1
